{
  "$type": "Artemis.Storage.Entities.Profile.ProfileConfigurationEntity, Artemis.Storage",
  "Name": "Spotify",
  "MaterialIcon": "Spotify",
  "FileIconId": "00000000-0000-0000-0000-000000000000",
  "IconType": 0,
  "IconFill": false,
  "Order": 0,
  "IsSuspended": false,
  "ActivationBehaviour": 0,
  "ActivationCondition": {
    "$type": "Artemis.Storage.Entities.Profile.Nodes.NodeScriptEntity, Artemis.Storage",
    "Name": "Activate profile",
    "Description": "Whether or not the profile should be active",
    "Nodes": {
      "$type": "System.Collections.Generic.List`1[[Artemis.Storage.Entities.Profile.Nodes.NodeEntity, Artemis.Storage]], System.Private.CoreLib",
      "$values": [
        {
          "$type": "Artemis.Storage.Entities.Profile.Nodes.NodeEntity, Artemis.Storage",
          "Id": "410c824d-c5e3-4e3a-8080-d50f6c8b83b8",
          "Type": "ExitNode`1",
          "PluginId": "ffffffff-ffff-ffff-ffff-ffffffffffff",
          "Name": "Activate profile",
          "Description": "Whether or not the profile should be active",
          "IsExitNode": true,
          "X": 330.0,
          "Y": -70.0,
          "Storage": "",
          "PinCollections": {
            "$type": "System.Collections.Generic.List`1[[Artemis.Storage.Entities.Profile.Nodes.NodePinCollectionEntity, Artemis.Storage]], System.Private.CoreLib",
            "$values": []
          }
        },
        {
          "$type": "Artemis.Storage.Entities.Profile.Nodes.NodeEntity, Artemis.Storage",
          "Id": "5649c1b3-8757-4640-8b19-334145ac3f02",
          "Type": "DataModelNode",
          "PluginId": "ffffffff-ffff-ffff-ffff-ffffffffffff",
          "Name": "Data Model-Value",
          "Description": "Outputs a selectable data model value.",
          "IsExitNode": false,
          "X": -160.0,
          "Y": -140.0,
          "Storage": "{\"$type\":\"Artemis.Storage.Entities.Profile.DataModelPathEntity, Artemis.Storage\",\"Path\":\"Player.IsPlaying\",\"DataModelId\":\"Artemis.Plugins.Modules.Spotify.SpotifyModule-76d139ad\",\"Type\":null}",
          "PinCollections": {
            "$type": "System.Collections.Generic.List`1[[Artemis.Storage.Entities.Profile.Nodes.NodePinCollectionEntity, Artemis.Storage]], System.Private.CoreLib",
            "$values": []
          }
        }
      ]
    },
    "Connections": {
      "$type": "System.Collections.Generic.List`1[[Artemis.Storage.Entities.Profile.Nodes.NodeConnectionEntity, Artemis.Storage]], System.Private.CoreLib",
      "$values": [
        {
          "$type": "Artemis.Storage.Entities.Profile.Nodes.NodeConnectionEntity, Artemis.Storage",
          "SourceType": "Boolean",
          "SourceNode": "410c824d-c5e3-4e3a-8080-d50f6c8b83b8",
          "TargetNode": "5649c1b3-8757-4640-8b19-334145ac3f02",
          "SourcePinCollectionId": -1,
          "SourcePinId": 0,
          "TargetType": "Boolean",
          "TargetPinCollectionId": -1,
          "TargetPinId": 0
        }
      ]
    }
  },
  "HotkeyMode": 0,
  "EnableHotkey": null,
  "DisableHotkey": null,
  "ModuleId": null,
  "ProfileCategoryId": "a8a0ec00-be46-4624-bbcf-eaaf3a40def6",
  "ProfileId": "75620594-6fba-4f88-8b7a-b5a56916f57b",
  "FadeInAndOut": true
}