{
  "$type": "Artemis.Storage.Entities.Profile.ProfileConfigurationEntity, Artemis.Storage",
  "Name": "Chroma Reader",
  "MaterialIcon": "Reptile",
  "FileIconId": "00000000-0000-0000-0000-000000000000",
  "IconType": 0,
  "IconFill": false,
  "Order": 0,
  "IsSuspended": false,
  "ActivationBehaviour": 0,
  "ActivationCondition": {
    "$type": "Artemis.Storage.Entities.Profile.Nodes.NodeScriptEntity, Artemis.Storage",
    "Name": "Activate profile",
    "Description": "Whether or not the profile should be active",
    "Nodes": {
      "$type": "System.Collections.Generic.List`1[[Artemis.Storage.Entities.Profile.Nodes.NodeEntity, Artemis.Storage]], System.Private.CoreLib",
      "$values": [
        {
          "$type": "Artemis.Storage.Entities.Profile.Nodes.NodeEntity, Artemis.Storage",
          "Id": "410c824d-c5e3-4e3a-8080-d50f6c8b83b8",
          "Type": "ExitNode`1",
          "PluginId": "ffffffff-ffff-ffff-ffff-ffffffffffff",
          "Name": "Activate profile",
          "Description": "Whether or not the profile should be active",
          "IsExitNode": true,
          "X": 220.0,
          "Y": 0.0,
          "Storage": null,
          "PinCollections": {
            "$type": "System.Collections.Generic.List`1[[Artemis.Storage.Entities.Profile.Nodes.NodePinCollectionEntity, Artemis.Storage]], System.Private.CoreLib",
            "$values": []
          }
        },
        {
          "$type": "Artemis.Storage.Entities.Profile.Nodes.NodeEntity, Artemis.Storage",
          "Id": "a996fc8d-0357-4cd0-841f-5b52dede26a3",
          "Type": "DataModelNode",
          "PluginId": "ffffffff-ffff-ffff-ffff-ffffffffffff",
          "Name": "Data Model-Value",
          "Description": "Outputs a selectable data model value.",
          "IsExitNode": false,
          "X": -290.0,
          "Y": -90.0,
          "Storage": "{\"$type\":\"Artemis.Storage.Entities.Profile.DataModelPathEntity, Artemis.Storage\",\"Path\":\"IsActive\",\"DataModelId\":\"Artemis.Plugins.LayerBrushes.Chroma.Module.ChromaModule-0cb99d89\",\"Type\":\"System.Boolean\"}",
          "PinCollections": {
            "$type": "System.Collections.Generic.List`1[[Artemis.Storage.Entities.Profile.Nodes.NodePinCollectionEntity, Artemis.Storage]], System.Private.CoreLib",
            "$values": []
          }
        }
      ]
    },
    "Connections": {
      "$type": "System.Collections.Generic.List`1[[Artemis.Storage.Entities.Profile.Nodes.NodeConnectionEntity, Artemis.Storage]], System.Private.CoreLib",
      "$values": [
        {
          "$type": "Artemis.Storage.Entities.Profile.Nodes.NodeConnectionEntity, Artemis.Storage",
          "SourceType": "Boolean",
          "SourceNode": "410c824d-c5e3-4e3a-8080-d50f6c8b83b8",
          "TargetNode": "a996fc8d-0357-4cd0-841f-5b52dede26a3",
          "SourcePinCollectionId": -1,
          "SourcePinId": 0,
          "TargetType": "Boolean",
          "TargetPinCollectionId": -1,
          "TargetPinId": 0
        }
      ]
    }
  },
  "HotkeyMode": 0,
  "EnableHotkey": null,
  "DisableHotkey": null,
  "ModuleId": null,
  "ProfileCategoryId": "aef10337-b324-4015-be6e-1ab4c9fb1b79",
  "ProfileId": "931e0197-5a37-4b06-906a-24cf65fc5d00",
  "FadeInAndOut": false
}