{"Name":"Chroma Reader","MaterialIcon":"Reptile","FileIconId":"00000000-0000-0000-0000-000000000000","IconType":0,"IconFill":false,"Order":0,"IsSuspended":false,"ActivationBehaviour":0,"ActivationCondition":{"Name":"Activate profile","Description":"Whether or not the profile should be active","Nodes":[{"Id":"410c824d-c5e3-4e3a-8080-d50f6c8b83b8","Type":"ExitNode\u00601","ProviderId":"Artemis.Core.CorePluginFeature-ffffffff","Name":"Activate profile","Description":"Whether or not the profile should be active","IsExitNode":true,"X":220,"Y":0,"Storage":"","PinCollections":[]},{"Id":"a996fc8d-0357-4cd0-841f-5b52dede26a3","Type":"DataModelNode","ProviderId":"Artemis.Plugins.Nodes.General.GeneralNodesProvider-d9e1ee78","Name":"Data Model-Value","Description":"Outputs a selectable data model value.","IsExitNode":false,"X":-290,"Y":-90,"Storage":"{\u0022Path\u0022:\u0022IsActive\u0022,\u0022DataModelId\u0022:\u0022Artemis.Plugins.LayerBrushes.Chroma.Module.ChromaModule-0cb99d89\u0022,\u0022Type\u0022:\u0022System.Boolean\u0022}","PinCollections":[]}],"Connections":[{"SourceType":"Boolean","SourceNode":"410c824d-c5e3-4e3a-8080-d50f6c8b83b8","TargetNode":"a996fc8d-0357-4cd0-841f-5b52dede26a3","SourcePinCollectionId":-1,"SourcePinId":0,"TargetType":"Boolean","TargetPinCollectionId":-1,"TargetPinId":0}]},"HotkeyMode":0,"EnableHotkey":null,"DisableHotkey":null,"ModuleId":null,"ProfileCategoryId":"084876b6-396f-4dac-98fd-ba79ac278226","ProfileId":"931e0197-5a37-4b06-906a-24cf65fc5d00","FadeInAndOut":true,"Version":2}