{"Id":"931e0197-5a37-4b06-906a-24cf65fc5d00","Name":"Chroma Reader","IsFreshImport":false,"Folders":[{"Order":1,"Name":"Root folder","IsExpanded":false,"Suspended":false,"Profile":null,"ProfileId":"931e0197-5a37-4b06-906a-24cf65fc5d00","Id":"e5500d4f-82b7-45a2-821b-7e7a1d89dad2","ParentId":"931e0197-5a37-4b06-906a-24cf65fc5d00","LayerEffects":[],"DisplayCondition":{"$type":"AlwaysOn"},"Timeline":{"StartSegmentLength":"00:00:00","MainSegmentLength":"00:00:05","EndSegmentLength":"00:00:00"}}],"Layers":[{"Order":1,"Name":"Chroma Reader","Suspended":false,"Leds":[{"LedName":"Keyboard_Escape","DeviceIdentifier":"Wooting Wooting Two HE-Wooting-Wooting Two HE-Keyboard","PhysicalLayout":2},{"LedName":"Keyboard_F1","DeviceIdentifier":"Wooting Wooting Two HE-Wooting-Wooting Two HE-Keyboard","PhysicalLayout":2},{"LedName":"Keyboard_F2","DeviceIdentifier":"Wooting Wooting Two HE-Wooting-Wooting Two HE-Keyboard","PhysicalLayout":2},{"LedName":"Keyboard_F3","DeviceIdentifier":"Wooting Wooting Two HE-Wooting-Wooting Two HE-Keyboard","PhysicalLayout":2},{"LedName":"Keyboard_F4","DeviceIdentifier":"Wooting Wooting Two HE-Wooting-Wooting Two HE-Keyboard","PhysicalLayout":2},{"LedName":"Keyboard_F5","DeviceIdentifier":"Wooting Wooting Two HE-Wooting-Wooting Two HE-Keyboard","PhysicalLayout":2},{"LedName":"Keyboard_F6","DeviceIdentifier":"Wooting Wooting Two HE-Wooting-Wooting Two HE-Keyboard","PhysicalLayout":2},{"LedName":"Keyboard_F7","DeviceIdentifier":"Wooting Wooting Two HE-Wooting-Wooting Two HE-Keyboard","PhysicalLayout":2},{"LedName":"Keyboard_F8","DeviceIdentifier":"Wooting Wooting Two HE-Wooting-Wooting Two HE-Keyboard","PhysicalLayout":2},{"LedName":"Keyboard_F9","DeviceIdentifier":"Wooting Wooting Two HE-Wooting-Wooting Two HE-Keyboard","PhysicalLayout":2},{"LedName":"Keyboard_F10","DeviceIdentifier":"Wooting Wooting Two HE-Wooting-Wooting Two HE-Keyboard","PhysicalLayout":2},{"LedName":"Keyboard_F11","DeviceIdentifier":"Wooting Wooting Two HE-Wooting-Wooting Two HE-Keyboard","PhysicalLayout":2},{"LedName":"Keyboard_F12","DeviceIdentifier":"Wooting Wooting Two HE-Wooting-Wooting Two HE-Keyboard","PhysicalLayout":2},{"LedName":"Keyboard_PrintScreen","DeviceIdentifier":"Wooting Wooting Two HE-Wooting-Wooting Two HE-Keyboard","PhysicalLayout":2},{"LedName":"Keyboard_PauseBreak","DeviceIdentifier":"Wooting Wooting Two HE-Wooting-Wooting Two HE-Keyboard","PhysicalLayout":2},{"LedName":"Keyboard_ScrollLock","DeviceIdentifier":"Wooting Wooting Two HE-Wooting-Wooting Two HE-Keyboard","PhysicalLayout":2},{"LedName":"Keyboard_Custom1","DeviceIdentifier":"Wooting Wooting Two HE-Wooting-Wooting Two HE-Keyboard","PhysicalLayout":2},{"LedName":"Keyboard_Custom2","DeviceIdentifier":"Wooting Wooting Two HE-Wooting-Wooting Two HE-Keyboard","PhysicalLayout":2},{"LedName":"Keyboard_Custom3","DeviceIdentifier":"Wooting Wooting Two HE-Wooting-Wooting Two HE-Keyboard","PhysicalLayout":2},{"LedName":"Keyboard_Custom4","DeviceIdentifier":"Wooting Wooting Two HE-Wooting-Wooting Two HE-Keyboard","PhysicalLayout":2},{"LedName":"Keyboard_GraveAccentAndTilde","DeviceIdentifier":"Wooting Wooting Two HE-Wooting-Wooting Two HE-Keyboard","PhysicalLayout":2},{"LedName":"Keyboard_1","DeviceIdentifier":"Wooting Wooting Two HE-Wooting-Wooting Two HE-Keyboard","PhysicalLayout":2},{"LedName":"Keyboard_2","DeviceIdentifier":"Wooting Wooting Two HE-Wooting-Wooting Two HE-Keyboard","PhysicalLayout":2},{"LedName":"Keyboard_3","DeviceIdentifier":"Wooting Wooting Two HE-Wooting-Wooting Two HE-Keyboard","PhysicalLayout":2},{"LedName":"Keyboard_4","DeviceIdentifier":"Wooting Wooting Two HE-Wooting-Wooting Two HE-Keyboard","PhysicalLayout":2},{"LedName":"Keyboard_5","DeviceIdentifier":"Wooting Wooting Two HE-Wooting-Wooting Two HE-Keyboard","PhysicalLayout":2},{"LedName":"Keyboard_6","DeviceIdentifier":"Wooting Wooting Two HE-Wooting-Wooting Two HE-Keyboard","PhysicalLayout":2},{"LedName":"Keyboard_7","DeviceIdentifier":"Wooting Wooting Two HE-Wooting-Wooting Two HE-Keyboard","PhysicalLayout":2},{"LedName":"Keyboard_8","DeviceIdentifier":"Wooting Wooting Two HE-Wooting-Wooting Two HE-Keyboard","PhysicalLayout":2},{"LedName":"Keyboard_9","DeviceIdentifier":"Wooting Wooting Two HE-Wooting-Wooting Two HE-Keyboard","PhysicalLayout":2},{"LedName":"Keyboard_0","DeviceIdentifier":"Wooting Wooting Two HE-Wooting-Wooting Two HE-Keyboard","PhysicalLayout":2},{"LedName":"Keyboard_MinusAndUnderscore","DeviceIdentifier":"Wooting Wooting Two HE-Wooting-Wooting Two HE-Keyboard","PhysicalLayout":2},{"LedName":"Keyboard_EqualsAndPlus","DeviceIdentifier":"Wooting Wooting Two HE-Wooting-Wooting Two HE-Keyboard","PhysicalLayout":2},{"LedName":"Keyboard_Backspace","DeviceIdentifier":"Wooting Wooting Two HE-Wooting-Wooting Two HE-Keyboard","PhysicalLayout":2},{"LedName":"Keyboard_Insert","DeviceIdentifier":"Wooting Wooting Two HE-Wooting-Wooting Two HE-Keyboard","PhysicalLayout":2},{"LedName":"Keyboard_Home","DeviceIdentifier":"Wooting Wooting Two HE-Wooting-Wooting Two HE-Keyboard","PhysicalLayout":2},{"LedName":"Keyboard_PageUp","DeviceIdentifier":"Wooting Wooting Two HE-Wooting-Wooting Two HE-Keyboard","PhysicalLayout":2},{"LedName":"Keyboard_NumLock","DeviceIdentifier":"Wooting Wooting Two HE-Wooting-Wooting Two HE-Keyboard","PhysicalLayout":2},{"LedName":"Keyboard_NumSlash","DeviceIdentifier":"Wooting Wooting Two HE-Wooting-Wooting Two HE-Keyboard","PhysicalLayout":2},{"LedName":"Keyboard_NumAsterisk","DeviceIdentifier":"Wooting Wooting Two HE-Wooting-Wooting Two HE-Keyboard","PhysicalLayout":2},{"LedName":"Keyboard_NumMinus","DeviceIdentifier":"Wooting Wooting Two HE-Wooting-Wooting Two HE-Keyboard","PhysicalLayout":2},{"LedName":"Keyboard_Tab","DeviceIdentifier":"Wooting Wooting Two HE-Wooting-Wooting Two HE-Keyboard","PhysicalLayout":2},{"LedName":"Keyboard_Q","DeviceIdentifier":"Wooting Wooting Two HE-Wooting-Wooting Two HE-Keyboard","PhysicalLayout":2},{"LedName":"Keyboard_W","DeviceIdentifier":"Wooting Wooting Two HE-Wooting-Wooting Two HE-Keyboard","PhysicalLayout":2},{"LedName":"Keyboard_E","DeviceIdentifier":"Wooting Wooting Two HE-Wooting-Wooting Two HE-Keyboard","PhysicalLayout":2},{"LedName":"Keyboard_R","DeviceIdentifier":"Wooting Wooting Two HE-Wooting-Wooting Two HE-Keyboard","PhysicalLayout":2},{"LedName":"Keyboard_T","DeviceIdentifier":"Wooting Wooting Two HE-Wooting-Wooting Two HE-Keyboard","PhysicalLayout":2},{"LedName":"Keyboard_Y","DeviceIdentifier":"Wooting Wooting Two HE-Wooting-Wooting Two HE-Keyboard","PhysicalLayout":2},{"LedName":"Keyboard_U","DeviceIdentifier":"Wooting Wooting Two HE-Wooting-Wooting Two HE-Keyboard","PhysicalLayout":2},{"LedName":"Keyboard_I","DeviceIdentifier":"Wooting Wooting Two HE-Wooting-Wooting Two HE-Keyboard","PhysicalLayout":2},{"LedName":"Keyboard_O","DeviceIdentifier":"Wooting Wooting Two HE-Wooting-Wooting Two HE-Keyboard","PhysicalLayout":2},{"LedName":"Keyboard_P","DeviceIdentifier":"Wooting Wooting Two HE-Wooting-Wooting Two HE-Keyboard","PhysicalLayout":2},{"LedName":"Keyboard_BracketLeft","DeviceIdentifier":"Wooting Wooting Two HE-Wooting-Wooting Two HE-Keyboard","PhysicalLayout":2},{"LedName":"Keyboard_BracketRight","DeviceIdentifier":"Wooting Wooting Two HE-Wooting-Wooting Two HE-Keyboard","PhysicalLayout":2},{"LedName":"Keyboard_Delete","DeviceIdentifier":"Wooting Wooting Two HE-Wooting-Wooting Two HE-Keyboard","PhysicalLayout":2},{"LedName":"Keyboard_End","DeviceIdentifier":"Wooting Wooting Two HE-Wooting-Wooting Two HE-Keyboard","PhysicalLayout":2},{"LedName":"Keyboard_PageDown","DeviceIdentifier":"Wooting Wooting Two HE-Wooting-Wooting Two HE-Keyboard","PhysicalLayout":2},{"LedName":"Keyboard_Num7","DeviceIdentifier":"Wooting Wooting Two HE-Wooting-Wooting Two HE-Keyboard","PhysicalLayout":2},{"LedName":"Keyboard_Num8","DeviceIdentifier":"Wooting Wooting Two HE-Wooting-Wooting Two HE-Keyboard","PhysicalLayout":2},{"LedName":"Keyboard_Num9","DeviceIdentifier":"Wooting Wooting Two HE-Wooting-Wooting Two HE-Keyboard","PhysicalLayout":2},{"LedName":"Keyboard_NumPlus","DeviceIdentifier":"Wooting Wooting Two HE-Wooting-Wooting Two HE-Keyboard","PhysicalLayout":2},{"LedName":"Keyboard_CapsLock","DeviceIdentifier":"Wooting Wooting Two HE-Wooting-Wooting Two HE-Keyboard","PhysicalLayout":2},{"LedName":"Keyboard_A","DeviceIdentifier":"Wooting Wooting Two HE-Wooting-Wooting Two HE-Keyboard","PhysicalLayout":2},{"LedName":"Keyboard_S","DeviceIdentifier":"Wooting Wooting Two HE-Wooting-Wooting Two HE-Keyboard","PhysicalLayout":2},{"LedName":"Keyboard_D","DeviceIdentifier":"Wooting Wooting Two HE-Wooting-Wooting Two HE-Keyboard","PhysicalLayout":2},{"LedName":"Keyboard_F","DeviceIdentifier":"Wooting Wooting Two HE-Wooting-Wooting Two HE-Keyboard","PhysicalLayout":2},{"LedName":"Keyboard_G","DeviceIdentifier":"Wooting Wooting Two HE-Wooting-Wooting Two HE-Keyboard","PhysicalLayout":2},{"LedName":"Keyboard_H","DeviceIdentifier":"Wooting Wooting Two HE-Wooting-Wooting Two HE-Keyboard","PhysicalLayout":2},{"LedName":"Keyboard_J","DeviceIdentifier":"Wooting Wooting Two HE-Wooting-Wooting Two HE-Keyboard","PhysicalLayout":2},{"LedName":"Keyboard_K","DeviceIdentifier":"Wooting Wooting Two HE-Wooting-Wooting Two HE-Keyboard","PhysicalLayout":2},{"LedName":"Keyboard_L","DeviceIdentifier":"Wooting Wooting Two HE-Wooting-Wooting Two HE-Keyboard","PhysicalLayout":2},{"LedName":"Keyboard_SemicolonAndColon","DeviceIdentifier":"Wooting Wooting Two HE-Wooting-Wooting Two HE-Keyboard","PhysicalLayout":2},{"LedName":"Keyboard_ApostropheAndDoubleQuote","DeviceIdentifier":"Wooting Wooting Two HE-Wooting-Wooting Two HE-Keyboard","PhysicalLayout":2},{"LedName":"Keyboard_NonUsTilde","DeviceIdentifier":"Wooting Wooting Two HE-Wooting-Wooting Two HE-Keyboard","PhysicalLayout":2},{"LedName":"Keyboard_Enter","DeviceIdentifier":"Wooting Wooting Two HE-Wooting-Wooting Two HE-Keyboard","PhysicalLayout":2},{"LedName":"Keyboard_Num4","DeviceIdentifier":"Wooting Wooting Two HE-Wooting-Wooting Two HE-Keyboard","PhysicalLayout":2},{"LedName":"Keyboard_Num5","DeviceIdentifier":"Wooting Wooting Two HE-Wooting-Wooting Two HE-Keyboard","PhysicalLayout":2},{"LedName":"Keyboard_Num6","DeviceIdentifier":"Wooting Wooting Two HE-Wooting-Wooting Two HE-Keyboard","PhysicalLayout":2},{"LedName":"Keyboard_LeftShift","DeviceIdentifier":"Wooting Wooting Two HE-Wooting-Wooting Two HE-Keyboard","PhysicalLayout":2},{"LedName":"Keyboard_NonUsBackslash","DeviceIdentifier":"Wooting Wooting Two HE-Wooting-Wooting Two HE-Keyboard","PhysicalLayout":2},{"LedName":"Keyboard_Z","DeviceIdentifier":"Wooting Wooting Two HE-Wooting-Wooting Two HE-Keyboard","PhysicalLayout":2},{"LedName":"Keyboard_X","DeviceIdentifier":"Wooting Wooting Two HE-Wooting-Wooting Two HE-Keyboard","PhysicalLayout":2},{"LedName":"Keyboard_C","DeviceIdentifier":"Wooting Wooting Two HE-Wooting-Wooting Two HE-Keyboard","PhysicalLayout":2},{"LedName":"Keyboard_V","DeviceIdentifier":"Wooting Wooting Two HE-Wooting-Wooting Two HE-Keyboard","PhysicalLayout":2},{"LedName":"Keyboard_B","DeviceIdentifier":"Wooting Wooting Two HE-Wooting-Wooting Two HE-Keyboard","PhysicalLayout":2},{"LedName":"Keyboard_N","DeviceIdentifier":"Wooting Wooting Two HE-Wooting-Wooting Two HE-Keyboard","PhysicalLayout":2},{"LedName":"Keyboard_M","DeviceIdentifier":"Wooting Wooting Two HE-Wooting-Wooting Two HE-Keyboard","PhysicalLayout":2},{"LedName":"Keyboard_CommaAndLessThan","DeviceIdentifier":"Wooting Wooting Two HE-Wooting-Wooting Two HE-Keyboard","PhysicalLayout":2},{"LedName":"Keyboard_PeriodAndBiggerThan","DeviceIdentifier":"Wooting Wooting Two HE-Wooting-Wooting Two HE-Keyboard","PhysicalLayout":2},{"LedName":"Keyboard_SlashAndQuestionMark","DeviceIdentifier":"Wooting Wooting Two HE-Wooting-Wooting Two HE-Keyboard","PhysicalLayout":2},{"LedName":"Keyboard_RightShift","DeviceIdentifier":"Wooting Wooting Two HE-Wooting-Wooting Two HE-Keyboard","PhysicalLayout":2},{"LedName":"Keyboard_ArrowUp","DeviceIdentifier":"Wooting Wooting Two HE-Wooting-Wooting Two HE-Keyboard","PhysicalLayout":2},{"LedName":"Keyboard_Num1","DeviceIdentifier":"Wooting Wooting Two HE-Wooting-Wooting Two HE-Keyboard","PhysicalLayout":2},{"LedName":"Keyboard_Num2","DeviceIdentifier":"Wooting Wooting Two HE-Wooting-Wooting Two HE-Keyboard","PhysicalLayout":2},{"LedName":"Keyboard_Num3","DeviceIdentifier":"Wooting Wooting Two HE-Wooting-Wooting Two HE-Keyboard","PhysicalLayout":2},{"LedName":"Keyboard_NumEnter","DeviceIdentifier":"Wooting Wooting Two HE-Wooting-Wooting Two HE-Keyboard","PhysicalLayout":2},{"LedName":"Keyboard_LeftCtrl","DeviceIdentifier":"Wooting Wooting Two HE-Wooting-Wooting Two HE-Keyboard","PhysicalLayout":2},{"LedName":"Keyboard_LeftGui","DeviceIdentifier":"Wooting Wooting Two HE-Wooting-Wooting Two HE-Keyboard","PhysicalLayout":2},{"LedName":"Keyboard_LeftAlt","DeviceIdentifier":"Wooting Wooting Two HE-Wooting-Wooting Two HE-Keyboard","PhysicalLayout":2},{"LedName":"Keyboard_Space","DeviceIdentifier":"Wooting Wooting Two HE-Wooting-Wooting Two HE-Keyboard","PhysicalLayout":2},{"LedName":"Keyboard_RightAlt","DeviceIdentifier":"Wooting Wooting Two HE-Wooting-Wooting Two HE-Keyboard","PhysicalLayout":2},{"LedName":"Keyboard_RightGui","DeviceIdentifier":"Wooting Wooting Two HE-Wooting-Wooting Two HE-Keyboard","PhysicalLayout":2},{"LedName":"Keyboard_Function","DeviceIdentifier":"Wooting Wooting Two HE-Wooting-Wooting Two HE-Keyboard","PhysicalLayout":2},{"LedName":"Keyboard_RightCtrl","DeviceIdentifier":"Wooting Wooting Two HE-Wooting-Wooting Two HE-Keyboard","PhysicalLayout":2},{"LedName":"Keyboard_ArrowLeft","DeviceIdentifier":"Wooting Wooting Two HE-Wooting-Wooting Two HE-Keyboard","PhysicalLayout":2},{"LedName":"Keyboard_ArrowDown","DeviceIdentifier":"Wooting Wooting Two HE-Wooting-Wooting Two HE-Keyboard","PhysicalLayout":2},{"LedName":"Keyboard_ArrowRight","DeviceIdentifier":"Wooting Wooting Two HE-Wooting-Wooting Two HE-Keyboard","PhysicalLayout":2},{"LedName":"Keyboard_Num0","DeviceIdentifier":"Wooting Wooting Two HE-Wooting-Wooting Two HE-Keyboard","PhysicalLayout":2},{"LedName":"Keyboard_NumPeriodAndDelete","DeviceIdentifier":"Wooting Wooting Two HE-Wooting-Wooting Two HE-Keyboard","PhysicalLayout":2},{"LedName":"Keyboard_Escape","DeviceIdentifier":"Wooting Wooting 60HE (ARM)-Wooting-Wooting 60HE (ARM)-Keyboard","PhysicalLayout":1},{"LedName":"Keyboard_Custom1","DeviceIdentifier":"Wooting Wooting 60HE (ARM)-Wooting-Wooting 60HE (ARM)-Keyboard","PhysicalLayout":1},{"LedName":"Keyboard_Custom2","DeviceIdentifier":"Wooting Wooting 60HE (ARM)-Wooting-Wooting 60HE (ARM)-Keyboard","PhysicalLayout":1},{"LedName":"Keyboard_Custom3","DeviceIdentifier":"Wooting Wooting 60HE (ARM)-Wooting-Wooting 60HE (ARM)-Keyboard","PhysicalLayout":1},{"LedName":"Keyboard_Custom4","DeviceIdentifier":"Wooting Wooting 60HE (ARM)-Wooting-Wooting 60HE (ARM)-Keyboard","PhysicalLayout":1},{"LedName":"Keyboard_1","DeviceIdentifier":"Wooting Wooting 60HE (ARM)-Wooting-Wooting 60HE (ARM)-Keyboard","PhysicalLayout":1},{"LedName":"Keyboard_2","DeviceIdentifier":"Wooting Wooting 60HE (ARM)-Wooting-Wooting 60HE (ARM)-Keyboard","PhysicalLayout":1},{"LedName":"Keyboard_3","DeviceIdentifier":"Wooting Wooting 60HE (ARM)-Wooting-Wooting 60HE (ARM)-Keyboard","PhysicalLayout":1},{"LedName":"Keyboard_4","DeviceIdentifier":"Wooting Wooting 60HE (ARM)-Wooting-Wooting 60HE (ARM)-Keyboard","PhysicalLayout":1},{"LedName":"Keyboard_5","DeviceIdentifier":"Wooting Wooting 60HE (ARM)-Wooting-Wooting 60HE (ARM)-Keyboard","PhysicalLayout":1},{"LedName":"Keyboard_6","DeviceIdentifier":"Wooting Wooting 60HE (ARM)-Wooting-Wooting 60HE (ARM)-Keyboard","PhysicalLayout":1},{"LedName":"Keyboard_7","DeviceIdentifier":"Wooting Wooting 60HE (ARM)-Wooting-Wooting 60HE (ARM)-Keyboard","PhysicalLayout":1},{"LedName":"Keyboard_8","DeviceIdentifier":"Wooting Wooting 60HE (ARM)-Wooting-Wooting 60HE (ARM)-Keyboard","PhysicalLayout":1},{"LedName":"Keyboard_9","DeviceIdentifier":"Wooting Wooting 60HE (ARM)-Wooting-Wooting 60HE (ARM)-Keyboard","PhysicalLayout":1},{"LedName":"Keyboard_0","DeviceIdentifier":"Wooting Wooting 60HE (ARM)-Wooting-Wooting 60HE (ARM)-Keyboard","PhysicalLayout":1},{"LedName":"Keyboard_MinusAndUnderscore","DeviceIdentifier":"Wooting Wooting 60HE (ARM)-Wooting-Wooting 60HE (ARM)-Keyboard","PhysicalLayout":1},{"LedName":"Keyboard_EqualsAndPlus","DeviceIdentifier":"Wooting Wooting 60HE (ARM)-Wooting-Wooting 60HE (ARM)-Keyboard","PhysicalLayout":1},{"LedName":"Keyboard_Backspace","DeviceIdentifier":"Wooting Wooting 60HE (ARM)-Wooting-Wooting 60HE (ARM)-Keyboard","PhysicalLayout":1},{"LedName":"Keyboard_Tab","DeviceIdentifier":"Wooting Wooting 60HE (ARM)-Wooting-Wooting 60HE (ARM)-Keyboard","PhysicalLayout":1},{"LedName":"Keyboard_Q","DeviceIdentifier":"Wooting Wooting 60HE (ARM)-Wooting-Wooting 60HE (ARM)-Keyboard","PhysicalLayout":1},{"LedName":"Keyboard_W","DeviceIdentifier":"Wooting Wooting 60HE (ARM)-Wooting-Wooting 60HE (ARM)-Keyboard","PhysicalLayout":1},{"LedName":"Keyboard_E","DeviceIdentifier":"Wooting Wooting 60HE (ARM)-Wooting-Wooting 60HE (ARM)-Keyboard","PhysicalLayout":1},{"LedName":"Keyboard_R","DeviceIdentifier":"Wooting Wooting 60HE (ARM)-Wooting-Wooting 60HE (ARM)-Keyboard","PhysicalLayout":1},{"LedName":"Keyboard_T","DeviceIdentifier":"Wooting Wooting 60HE (ARM)-Wooting-Wooting 60HE (ARM)-Keyboard","PhysicalLayout":1},{"LedName":"Keyboard_Y","DeviceIdentifier":"Wooting Wooting 60HE (ARM)-Wooting-Wooting 60HE (ARM)-Keyboard","PhysicalLayout":1},{"LedName":"Keyboard_U","DeviceIdentifier":"Wooting Wooting 60HE (ARM)-Wooting-Wooting 60HE (ARM)-Keyboard","PhysicalLayout":1},{"LedName":"Keyboard_I","DeviceIdentifier":"Wooting Wooting 60HE (ARM)-Wooting-Wooting 60HE (ARM)-Keyboard","PhysicalLayout":1},{"LedName":"Keyboard_O","DeviceIdentifier":"Wooting Wooting 60HE (ARM)-Wooting-Wooting 60HE (ARM)-Keyboard","PhysicalLayout":1},{"LedName":"Keyboard_P","DeviceIdentifier":"Wooting Wooting 60HE (ARM)-Wooting-Wooting 60HE (ARM)-Keyboard","PhysicalLayout":1},{"LedName":"Keyboard_BracketLeft","DeviceIdentifier":"Wooting Wooting 60HE (ARM)-Wooting-Wooting 60HE (ARM)-Keyboard","PhysicalLayout":1},{"LedName":"Keyboard_BracketRight","DeviceIdentifier":"Wooting Wooting 60HE (ARM)-Wooting-Wooting 60HE (ARM)-Keyboard","PhysicalLayout":1},{"LedName":"Keyboard_CapsLock","DeviceIdentifier":"Wooting Wooting 60HE (ARM)-Wooting-Wooting 60HE (ARM)-Keyboard","PhysicalLayout":1},{"LedName":"Keyboard_A","DeviceIdentifier":"Wooting Wooting 60HE (ARM)-Wooting-Wooting 60HE (ARM)-Keyboard","PhysicalLayout":1},{"LedName":"Keyboard_S","DeviceIdentifier":"Wooting Wooting 60HE (ARM)-Wooting-Wooting 60HE (ARM)-Keyboard","PhysicalLayout":1},{"LedName":"Keyboard_D","DeviceIdentifier":"Wooting Wooting 60HE (ARM)-Wooting-Wooting 60HE (ARM)-Keyboard","PhysicalLayout":1},{"LedName":"Keyboard_F","DeviceIdentifier":"Wooting Wooting 60HE (ARM)-Wooting-Wooting 60HE (ARM)-Keyboard","PhysicalLayout":1},{"LedName":"Keyboard_G","DeviceIdentifier":"Wooting Wooting 60HE (ARM)-Wooting-Wooting 60HE (ARM)-Keyboard","PhysicalLayout":1},{"LedName":"Keyboard_H","DeviceIdentifier":"Wooting Wooting 60HE (ARM)-Wooting-Wooting 60HE (ARM)-Keyboard","PhysicalLayout":1},{"LedName":"Keyboard_J","DeviceIdentifier":"Wooting Wooting 60HE (ARM)-Wooting-Wooting 60HE (ARM)-Keyboard","PhysicalLayout":1},{"LedName":"Keyboard_K","DeviceIdentifier":"Wooting Wooting 60HE (ARM)-Wooting-Wooting 60HE (ARM)-Keyboard","PhysicalLayout":1},{"LedName":"Keyboard_L","DeviceIdentifier":"Wooting Wooting 60HE (ARM)-Wooting-Wooting 60HE (ARM)-Keyboard","PhysicalLayout":1},{"LedName":"Keyboard_SemicolonAndColon","DeviceIdentifier":"Wooting Wooting 60HE (ARM)-Wooting-Wooting 60HE (ARM)-Keyboard","PhysicalLayout":1},{"LedName":"Keyboard_ApostropheAndDoubleQuote","DeviceIdentifier":"Wooting Wooting 60HE (ARM)-Wooting-Wooting 60HE (ARM)-Keyboard","PhysicalLayout":1},{"LedName":"Keyboard_Enter","DeviceIdentifier":"Wooting Wooting 60HE (ARM)-Wooting-Wooting 60HE (ARM)-Keyboard","PhysicalLayout":1},{"LedName":"Keyboard_LeftShift","DeviceIdentifier":"Wooting Wooting 60HE (ARM)-Wooting-Wooting 60HE (ARM)-Keyboard","PhysicalLayout":1},{"LedName":"Keyboard_Z","DeviceIdentifier":"Wooting Wooting 60HE (ARM)-Wooting-Wooting 60HE (ARM)-Keyboard","PhysicalLayout":1},{"LedName":"Keyboard_X","DeviceIdentifier":"Wooting Wooting 60HE (ARM)-Wooting-Wooting 60HE (ARM)-Keyboard","PhysicalLayout":1},{"LedName":"Keyboard_C","DeviceIdentifier":"Wooting Wooting 60HE (ARM)-Wooting-Wooting 60HE (ARM)-Keyboard","PhysicalLayout":1},{"LedName":"Keyboard_V","DeviceIdentifier":"Wooting Wooting 60HE (ARM)-Wooting-Wooting 60HE (ARM)-Keyboard","PhysicalLayout":1},{"LedName":"Keyboard_B","DeviceIdentifier":"Wooting Wooting 60HE (ARM)-Wooting-Wooting 60HE (ARM)-Keyboard","PhysicalLayout":1},{"LedName":"Keyboard_N","DeviceIdentifier":"Wooting Wooting 60HE (ARM)-Wooting-Wooting 60HE (ARM)-Keyboard","PhysicalLayout":1},{"LedName":"Keyboard_M","DeviceIdentifier":"Wooting Wooting 60HE (ARM)-Wooting-Wooting 60HE (ARM)-Keyboard","PhysicalLayout":1},{"LedName":"Keyboard_CommaAndLessThan","DeviceIdentifier":"Wooting Wooting 60HE (ARM)-Wooting-Wooting 60HE (ARM)-Keyboard","PhysicalLayout":1},{"LedName":"Keyboard_PeriodAndBiggerThan","DeviceIdentifier":"Wooting Wooting 60HE (ARM)-Wooting-Wooting 60HE (ARM)-Keyboard","PhysicalLayout":1},{"LedName":"Keyboard_SlashAndQuestionMark","DeviceIdentifier":"Wooting Wooting 60HE (ARM)-Wooting-Wooting 60HE (ARM)-Keyboard","PhysicalLayout":1},{"LedName":"Keyboard_RightShift","DeviceIdentifier":"Wooting Wooting 60HE (ARM)-Wooting-Wooting 60HE (ARM)-Keyboard","PhysicalLayout":1},{"LedName":"Keyboard_LeftCtrl","DeviceIdentifier":"Wooting Wooting 60HE (ARM)-Wooting-Wooting 60HE (ARM)-Keyboard","PhysicalLayout":1},{"LedName":"Keyboard_LeftGui","DeviceIdentifier":"Wooting Wooting 60HE (ARM)-Wooting-Wooting 60HE (ARM)-Keyboard","PhysicalLayout":1},{"LedName":"Keyboard_LeftAlt","DeviceIdentifier":"Wooting Wooting 60HE (ARM)-Wooting-Wooting 60HE (ARM)-Keyboard","PhysicalLayout":1},{"LedName":"Keyboard_Space","DeviceIdentifier":"Wooting Wooting 60HE (ARM)-Wooting-Wooting 60HE (ARM)-Keyboard","PhysicalLayout":1},{"LedName":"Keyboard_RightAlt","DeviceIdentifier":"Wooting Wooting 60HE (ARM)-Wooting-Wooting 60HE (ARM)-Keyboard","PhysicalLayout":1},{"LedName":"Keyboard_Function","DeviceIdentifier":"Wooting Wooting 60HE (ARM)-Wooting-Wooting 60HE (ARM)-Keyboard","PhysicalLayout":1},{"LedName":"Keyboard_RightCtrl","DeviceIdentifier":"Wooting Wooting 60HE (ARM)-Wooting-Wooting 60HE (ARM)-Keyboard","PhysicalLayout":1},{"LedName":"Keyboard_Backslash","DeviceIdentifier":"Wooting Wooting 60HE (ARM)-Wooting-Wooting 60HE (ARM)-Keyboard","PhysicalLayout":1},{"LedName":"Keyboard_Application","DeviceIdentifier":"Wooting Wooting 60HE (ARM)-Wooting-Wooting 60HE (ARM)-Keyboard","PhysicalLayout":1}],"AdaptionHints":[{"$type":"Device","DeviceType":-1,"LimitAmount":false,"Skip":0,"Amount":0}],"GeneralPropertyGroup":{"Identifier":"General","Properties":[{"Identifier":"BrushReference","Value":"{\u0022LayerBrushProviderId\u0022:\u0022Artemis.Plugins.LayerBrushes.Chroma.LayerBrushes.ChromaLayerBrushProvider-0cb99d89\u0022,\u0022BrushType\u0022:\u0022ChromaLayerBrush\u0022}","KeyframesEnabled":false,"DataBinding":{"IsEnabled":false,"NodeScript":null},"KeyframeEntities":[]},{"Identifier":"ShapeType","Value":"1","KeyframesEnabled":false,"DataBinding":{"IsEnabled":false,"NodeScript":null},"KeyframeEntities":[]},{"Identifier":"BlendMode","Value":"3","KeyframesEnabled":false,"DataBinding":{"IsEnabled":false,"NodeScript":null},"KeyframeEntities":[]},{"Identifier":"TransformMode","Value":"0","KeyframesEnabled":false,"DataBinding":{"IsEnabled":false,"NodeScript":null},"KeyframeEntities":[]}],"PropertyGroups":[]},"TransformPropertyGroup":{"Identifier":"Transform","Properties":[{"Identifier":"AnchorPoint","Value":"{\u0022IsEmpty\u0022:false,\u0022Length\u0022:0.70710677,\u0022LengthSquared\u0022:0.5,\u0022X\u0022:0.5,\u0022Y\u0022:0.5}","KeyframesEnabled":false,"DataBinding":{"IsEnabled":false,"NodeScript":null},"KeyframeEntities":[]},{"Identifier":"Position","Value":"{\u0022IsEmpty\u0022:false,\u0022Length\u0022:0.70710677,\u0022LengthSquared\u0022:0.5,\u0022X\u0022:0.5,\u0022Y\u0022:0.5}","KeyframesEnabled":false,"DataBinding":{"IsEnabled":false,"NodeScript":null},"KeyframeEntities":[]},{"Identifier":"Scale","Value":"{\u0022IsEmpty\u0022:false,\u0022Width\u0022:100,\u0022Height\u0022:100}","KeyframesEnabled":false,"DataBinding":{"IsEnabled":false,"NodeScript":null},"KeyframeEntities":[]},{"Identifier":"Rotation","Value":"0","KeyframesEnabled":false,"DataBinding":{"IsEnabled":false,"NodeScript":null},"KeyframeEntities":[]},{"Identifier":"Opacity","Value":"100","KeyframesEnabled":false,"DataBinding":{"IsEnabled":false,"NodeScript":null},"KeyframeEntities":[]}],"PropertyGroups":[]},"LayerBrush":{"ProviderId":"Artemis.Plugins.LayerBrushes.Chroma.LayerBrushes.ChromaLayerBrushProvider-0cb99d89","BrushType":"Artemis.Plugins.LayerBrushes.Chroma.LayerBrushes.ChromaLayerBrush","PropertyGroup":{"Identifier":"Brush","Properties":[{"Identifier":"UseDefaultLed","Value":"true","KeyframesEnabled":false,"DataBinding":{"IsEnabled":false,"NodeScript":null},"KeyframeEntities":[]},{"Identifier":"TransparentBlack","Value":"false","KeyframesEnabled":false,"DataBinding":{"IsEnabled":false,"NodeScript":null},"KeyframeEntities":[]},{"Identifier":"OverwatchEnhanceColors","Value":"true","KeyframesEnabled":false,"DataBinding":{"IsEnabled":false,"NodeScript":null},"KeyframeEntities":[]}],"PropertyGroups":[]}},"Profile":null,"ProfileId":"931e0197-5a37-4b06-906a-24cf65fc5d00","Id":"ae1248ca-0345-4261-b6c4-07e22924988e","ParentId":"e5500d4f-82b7-45a2-821b-7e7a1d89dad2","LayerEffects":[],"DisplayCondition":{"$type":"AlwaysOn"},"Timeline":{"StartSegmentLength":"00:00:00","MainSegmentLength":"00:00:05","EndSegmentLength":"00:00:00"}}],"ScriptConfigurations":[]}